org;gender;name;sirname;ad1;ad2;func;midden
Berenschot Consultancy;heer;Bram;Brouwer;Europalaan 40;3526 KS Utrecht;senior consultant energietransitie;Ik zie dat `r Adress$org` een centrale rol speelt in de energietransitie. Zo ben ik vanuit mijn huidige functie betrokken bij de werkgroep Infrastructuurverkenning 3050 van Netbeheer Nederland. `r Adress$org` heeft de scenariostudie gemaakt voor deze werkgroep. Door de manier waarop deze studie is opgesteld worden verschillende sectoren samengebracht en worden duidelijke stappen gezet richting systeemintegratie. Hier zou ik graag actiever aan mee willen werken. Dat is de reden van mijn sollicitatie voor de functie `r Adress$func`.
Generation Energy;heer;Generation Energy;;Binckhorstlaan 36 ? Unit C3 24;2516 BE Den Haag;Projectleider/consultant;Ik zie dat `r Adress$org` een centrale rol speelt in de energietransitie. Zo ben ik vanuit mijn huidige functie betrokken bij de werkgroep Infrastructuurverkenning 3050 van Netbeheer Nederland. `r Adress$org` heeft de scenariostudie gemaakt voor deze werkgroep. Door de manier waarop deze studie is opgesteld worden verschillende sectoren samengebracht en worden duidelijke stappen gezet richting systeemintegratie. Hier zou ik graag actiever aan mee willen werken. Dat is de reden van mijn sollicitatie voor de functie `r Adress$func`.
CE Delft;mevrouw;Lonneke;Wielders;Oude Delft 180;2611 HH Delft;Open sollicitatie;Daarom ben ik nu op zoek naar een nieuwe plek waar ik kan werken aan de verduurzaming van Nederland. Ik zoek naar en plek waar behoefte is aan inhoudelijk kennis en een brede blik. Ik wil vanuit een centrale rol meewerken aan o.a. transitievisies en studies over het effect van beleidskeuzes. Ik zie dat CE Delft een centrale rol speelt in de energietransitie. Bij openingsbod of in regionale energie strategieën ben ik steeds onder de indruk van de kwaliteit van het werk van CE Delft. Hier zou ik graag actiever aan mee willen werken. Dat is de reden van deze sollicitatie.
APPM;mevrouw;Jantien;van den Berg; Spicalaan 8;2132 JG Hoofddorp;Adviseur Energietransitie;Daarom ben ik nu op zoek naar een nieuwe plek waar ik kan werken aan de verduurzaming van Nederland. Ik zoek naar en plek waar behoefte is aan inhoudelijk kennis en een brede blik. Ik wil vanuit een centrale rol meewerken aan o.a. transitievisies en studies over het effect van beleidskeuzes. Ik voel mij erg aangesproken voor de slogan "Nederland mooier maken". Op basis van mijn contact met `r Adress$org` vanuit mijn huidige functie, en online informatie over APPM, ben ik ervan overtuigd dat ik deze plek kan vinden bij in de functie van `r Adress$func` bij `r Adress$org`.
